Business Name,City,State,Phone,Email,Contact Name,Website
Hyundai Dealership in Stuart FL,,,,,,https://www.wallacehyundaiofstuart.com/
Genesis Dealership in Stuart FL,,,,,,https://www.wallacegenesis.com/
Jldauto,,,,,,https://www.jldauto.net/
"Top Rated Car Dealerships near Stuart, FL",,,,,,https://www.carfax.com/Dealerships-Stuart-FL_c9849
"Wallace Chrysler, Jeep, Dodge, Ram & Wagoneer Dealership In Stuart, FL",,,,,,https://www.wallacecjd.com/
"Palm Tree Auto Sales: Used Car Dealer in Stuart, Florida",,,,,,https://www.palmtreecars.com/
Honda Dealership Stuart FL,,,,,,https://www.johnsonhondaofstuart.com/
"Used Car Dealership in Stuart, FL",,,,,,https://www.victoryautostore.com/
"Auto Body Technicians near Jupiter, FL",,,,,,https://collisioncenterofthepalmbeachesfl.com/Jupiter-Florida.html
Contact Irishman’s Auto Body & frame – Jupiter Florida Body Shop,,,,,,https://irishmans-autobody.com/contact/
Auto Body Shop in Jupiter,,,,,,https://www.caliber.com/find-a-location/jupiter-old-dixie-highway
"Jupiter Auto Body in Jupiter, FL, 33458",,,,,,https://www.carwise.com/auto-body-shops/jupiter-auto-body-jupiter-fl-33458/567549
Jupiter Florida Auto Body Repair Shop,,,,,,https://irishmans-autobody.com/
"Auto Body Shop Serving Jupiter, FL",,,,,,https://pbcoachworks.com/service-area/jupiter-fl/auto-body-shop/
"Top 20 Best Auto Body Shops near Jupiter, FL",,,,,,https://www.carwise.com/auto-body-shops/fl/jupiter
