community_name,address,phone,email,contact_name,url,search_query
Mariners Cay,"Stuart, FL",,,,,Treasure Coast HOA Communities
Spruce Creek Preserve,"Stuart, FL",,,,,Treasure Coast HOA Communities
The Meadows,"Stuart, FL",,,,,Treasure Coast HOA Communities
Harbour Ridge,"Stuart, FL",,,,,Treasure Coast HOA Communities
Sailfish Point,"Stuart, FL",,,,,Treasure Coast HOA Communities
Ocean Village,"Jensen Beach, FL",,,,,Treasure Coast HOA Communities
Indian River Plantation,"Jensen Beach, FL",,,,,Treasure Coast HOA Communities
Village Ridge,"Jensen Beach, FL",,,,,Treasure Coast HOA Communities
St Lucie West,"Port St Lucie, FL",,,,,Treasure Coast HOA Communities
Tradition,"Port St Lucie, FL",,,,,Treasure Coast HOA Communities
Saint James Golf Club,"Port St Lucie, FL",,,,,Treasure Coast HOA Communities
Villaggio,"Port St Lucie, FL",,,,,Treasure Coast HOA Communities
John's Island,"Vero Beach, FL",,,,,Treasure Coast HOA Communities
Indian River Shores,"Vero Beach, FL",,,,,Treasure Coast HOA Communities
Windsor,"Vero Beach, FL",,,,,Treasure Coast HOA Communities
Indian River Estates,"Fort Pierce, FL",,,,,Treasure Coast HOA Communities
Lakewood Park,"Fort Pierce, FL",,,,,Treasure Coast HOA Communities
Palm City Plantation,"Palm City, FL",,,,,Treasure Coast HOA Communities
The Hamptons,"Palm City, FL",,,,,Treasure Coast HOA Communities
Floridana Beach,"Hobe Sound, FL",,,,,Treasure Coast HOA Communities
Bridge Road,"Hobe Sound, FL",,,,,Treasure Coast HOA Communities
Sebastian Highlands,"Sebastian, FL",,,,,Treasure Coast HOA Communities
Pelican Bay,"Sebastian, FL",,,,,Treasure Coast HOA Communities
