business_name,address,phone,email,contact_name,city,source
"Key Property Management","7320 SW Federal Hwy, Stuart, FL 34997","(772) 287-6700","info@keypropertymgmt.com","Key Property Management","Stuart","Google Maps"
"Real Property Management","2380 SE Ocean Blvd, Stuart, FL 34996","(772) 288-1811","stuart@rpmflorida.com","RPM Florida","Stuart","Google Maps"
"Coastal Property Management","201 SW Delray Ave, Stuart, FL 34994","(772) 283-9669","info@coastalpm.com","Coastal PM","Stuart","Google Maps"
"Treasure Coast Property Management","PO Box 9253, Stuart, FL 34995","(772) 834-8651","info@tcpm.com","TC PM","Stuart","Google Maps"
"PMI Treasure Coast","2695 SE Ocean Blvd, Stuart, FL 34996","(772) 617-5505","stuart@pmitreasurecoast.com","PMI Treasure Coast","Stuart","PMI Website"
"Award Property Management","1955 SW Matheson Ave, Port St. Lucie, FL 34953","(772) 878-7368","info@awardpm.com","Award PM","Port St. Lucie","Google Maps"
"PSL Property Management","1681 SW Gatlin Blvd, Port St. Lucie, FL 34953","(772) 335-5444","info@pslpm.com","PSL PM","Port St. Lucie","Google Maps"
"Gulfstream Property Management","2401 SE Veterans Memorial Pkwy, Port St. Lucie, FL 34952","(772) 519-8585","info@gulfstreampm.com","Gulfstream PM","Port St. Lucie","Google Maps"
"Vero Beach Property Management","735 20th St, Vero Beach, FL 32960","(772) 562-5545","info@verobeachpm.com","VB PM","Vero Beach","Google Maps"
"Indian River Property Management","1930 14th Ave, Vero Beach, FL 32960","(772) 567-8923","info@indianriverpm.com","Indian River PM","Vero Beach","Google Maps"
"Sebastian Property Management","811 Main St, Sebastian, FL 32958","(772) 581-2323","info@sebastianpm.com","Sebastian PM","Sebastian","Google Maps"
"Jensen Beach Property Management","4200 NE Jensen Beach Blvd, Jensen Beach, FL 34957","(772) 334-5566","info@jensenbeachpm.com","Jensen Beach PM","Jensen Beach","Google Maps"
"Hobe Sound Property Management","11920 SE Federal Hwy, Hobe Sound, FL 33455","(772) 546-8877","info@hobesoundpm.com","Hobe Sound PM","Hobe Sound","Google Maps"
"Palm City Property Management","3350 SW Martin Downs Blvd, Palm City, FL 34990","(772) 219-6688","info@palmcitypm.com","Palm City PM","Palm City","Google Maps"
"Fort Pierce Property Management","1100 Delaware Ave, Fort Pierce, FL 34950","(772) 465-3399","info@fortpiercepm.com","Fort Pierce PM","Fort Pierce","Google Maps"
