Business Name,City,Notes,Phone,Email,Contact Name
Treasure Coast Home Buyers,Stuart,Local home buying company,,,
Martin County Real Estate Investors,Stuart,Investment group,,,
Port St Lucie Property Solutions,Port St Lucie,Property solutions,,,
Vero Beach Real Estate Investors,Vero Beach,Local investment firm,,,
Indian River County Home Buyers,Vero Beach,Cash buyers,,,
Fort Pierce Investment Properties,Fort Pierce,Real estate investment,,,
Jensen Beach Real Estate Group,Jensen Beach,Investment group,,,
Palm City Property Investors,Palm City,Property investment,,,
Sebastian Home Solutions,Sebastian,Home buying company,,,
Hobe Sound Real Estate Investors,Hobe Sound,Investment company,,,
TC Home Buyers,Stuart,Treasure Coast buyers,,,
Florida Treasure Coast Investments,Port St Lucie,Investment firm,,,
Stuart House Flippers,Stuart,Flipping business,,,
Vero Beach Cash Offers,Vero Beach,Cash buyers,,,
Port St Lucie Fast Home Buyers,Port St Lucie,Fast closing buyers,,,
