community_name,address,phone,email,contact_name,source_url,notes
Last-Mile Delivery Platform | Stuart,,,,,https://stuart.com/,"Partner with Stuart's delivery platform and discover our online solution for last-mile delivery services to meet your business needs. Join over 25,000 clients who trust Stuart."
Stuart • Livraison Jour J ou J+1 à la demande,,,,,https://stuart.com/fr/,"Partenaires de la plateforme Recommandé pour les entreprises de toutes tailles à la recherche d’une intégration partenaire transparente. Stuart s’adapte à plus de 75 partenaires logiciels, ce qui faci"
Stuart • Coursier express,,,,,https://stuart.com/fr/societe-coursier/,"Grâce à la technologie de suivi en temps réel de Stuart, vous attendez calmement votre pli. Tout en poursuivant votre travail, suivez précisément le trajet de votre coursier sur notre interface conviv"
Stuart • Découvrez notre offre de livraison ship from store,,,,,https://stuart.com/fr/ship-from-store/,Grâce à notre collaboration avec Stuart nous facilitons les courses de proximité. Nos clients commandent en ligne depuis notre site dédié et se font livrer en moins d’une heure sur le lieu de leur …
Stuart • Livraison express pour la distribution alimentaire,,,,,https://stuart.com/fr/livraison-distribution-alimentaire/,"Avec Stuart, mettez à profit votre réseau de magasins dans votre stratégie d'e-commerce pour proposer une livraison dans l'heure."
Stuart - Service de livraison à prix compétitif,,,,,https://info.stuart.com/fr/livreurs,"Préparez la commande en magasin dès réception du paiement. Commandez un coursier via l'interface Stuart, remettez-lui la commande et suivez en temps réel l'avancement de la livraison, de la collecte …"
Stuart • Une logistique pour un monde durable,,,,,https://stuart.com/fr/a-propos/,"Stuart est le leader européen de la livraison à la demande. Notre plateforme permet aux entreprises, tous secteurs confondus, de livrer leurs clients avec une rapidité et une efficacité sans précédent"
Stuart,,,,,https://info.stuart.com/fr/brand,Stuart vous accompagne pour vos livraisons quotidiennes ou ponctuelles de plis et colis. Trouvez un coursier en quelques clics grâce à notre application ou interface web.
"Stuart, une Solution de Livraison pour le Dernier Kilomètre",,,,,https://blog.stuart.com/fr/dernier-kilometre/societe-livraison,"Feb 12, 2020 · Découvrez les solutions de livraison B2B proposées par Stuart, la plateforme française qui répond aux besoins des commerçants de tous les secteurs."
Windows Live Mail Error ID: 0x800CCC0E - Microsoft Community,,,,,https://answers.microsoft.com/en-us/windows/forum/all/windows-live-mail-error-id-0x800ccc0e/dd933235-0823-4367-a608-edc66a5bb73f,"Oct 14, 2013 · The Server Port numbers provided by the ISP are 25 for the Outgoing (SMPT) port, and the port number for the Incoming (POP3) port is 110. I have used these same setting for 5 …"
Clé USB Wifi qui ne fonctionne pas - Communauté Microsoft,,,,,https://answers.microsoft.com/fr-fr/windows/forum/all/cl%C3%A9-usb-wifi-qui-ne-fonctionne-pas/4f8d8896-315a-4df9-9b46-bdb9a53a18a2,"Mar 16, 2020 · Bonjour, Je suis sous Windows 10 x64 J'ai une carte Wifi PCIe Mini sur la Carte mère qui fonctionne. Mais je souhaite mettre une carte compatible Wifi 5Ghz... n'ayant pas de …"
Windows 8 PC to TV connection - Microsoft Community,,,,,https://answers.microsoft.com/en-us/windows/forum/windows_8-desktop/windows-8-pc-to-tv-connection/b3dfe786-6bfc-4d7d-8bbb-745f6e67d495,"Jun 12, 2013 · The HDMI port on the TV works fine as it can receive a signal from a digital set top box. The two dvi ports and HDMI port on my graphics card (gtx660) work also as tested with …"
Windows Live Mail Error id: 0x800CCC6F - Microsoft Community,,,,,https://answers.microsoft.com/en-us/windows/forum/all/windows-live-mail-error-id-0x800ccc6f/080aaaed-5273-40ff-a3ae-d2112401d106,"Jul 15, 2014 · I changed the SMTP Port from 25 to 587 and checked the My Server requires authentication. Where did you learn that smtp.clear.net.nz supports port 587? I couldn't find it …"
Samsung Galaxy S3 phone not recognized in my new computer …,,,,,https://answers.microsoft.com/en-us/windows/forum/windows_8-hardware/samsung-galaxy-s3-phone-not-recognized-in-my-new/dedf9ccd-cb57-4dc1-9233-1a0a4e234ba4,"Apr 5, 2014 · I connect my phone to my computer with usb port computer does not recognize it. the phone is a galaxy s3 the computer is hp Pavilion 20 . both are only a month old and these …"
My C drive has no drivers...help!! - Microsoft Community,,,,,https://answers.microsoft.com/en-us/windows/forum/windows_xp-hardware/my-c-drive-has-no-drivershelp/20166521-41fe-489c-b8c4-2ddc83a1bf9a,"Apr 7, 2010 · My C Drive has lost it's drivers. It's showing in Device manager with a exclamation point. Windows tries and fails to install it on very reboot and it's VERY annoying. I need some …"
