business_name,address,phone,email,contact_name,website,city,source
Hampton Inn & Suites Stuart,2901 SE Federal Hwy, Stuart, FL 34997,"772-287-3900",info@hamptonstuart.com,,"https://www.hilton.com/en/hotels/flsuwhh-hampton-inn-and-suites-stuart/",Stuart,Manual verification
Hilton Garden Inn Stuart,4250 SE Salerno Rd, Stuart, FL 34997,"772-785-9000",info@hiltongardenstuart.com,,"https://www.hilton.com/en/hotels/flsuwhg-hilton-garden-inn-stuart/",Stuart,Manual verification
Holiday Inn Express & Suites Stuart,2400 SE Federal Hwy, Stuart, FL 34997,"772-221-0600",,"https://www.ihg.com/holidayinnexpress/hotels/us/en/stuart/suflh/hoteldetail",Stuart,Manual verification
Courtyard by Marriott Stuart,4210 SE Federal Hwy, Stuart, FL 34997,"772-283-8222",,"https://www.marriott.com/hotels/travel/sufls-courtyard-stuart/",Stuart,Manual verification
Comfort Inn & Suites Stuart,4215 SE Salerno Rd, Stuart, FL 34997,"772-286-2800",,"https://www.choicehotels.com/florida/stuart/comfort-inn-and-suites-hotels/fl101",Stuart,Manual verification
DoubleTree by Hilton Hutchinson Island,5300 N Ocean Dr, Jensen Beach, FL 34957,"772-334-0800",,"https://www.hilton.com/en/hotels/flsbrhh-doubletree-hutchinson-island-oceanfront-resort-jensen-beach/",Jensen Beach,Manual verification
Hampton Inn & Suites Port St Lucie,10855 SW Village Pkwy, Port St Lucie, FL 34987,"772-398-5600",,"https://www.hilton.com/en/hotels/flpshwh-hampton-inn-and-suites-port-st-lucie/",Port St Lucie,Manual verification
SpringHill Suites Port St Lucie,10835 SW Village Pkwy, Port St Lucie, FL 34987,"772-398-8100",,"https://www.marriott.com/hotels/travel/pspsa-springhill-suites-port-st-lucie/",Port St Lucie,Manual verification
Homewood Suites by Hilton Port St Lucie,10075 SW Village Pkwy, Port St Lucie, FL 34987,"772-398-1000",,"https://www.hilton.com/en/hotels/flpsahw-homewood-suites-port-st-lucie/",Port St Lucie,Manual verification
Hampton Inn & Suites Vero Beach,6000 20th St, Vero Beach, FL 32966,"772-569-7800",,"https://www.hilton.com/en/hotels/flvbwhh-hampton-inn-and-suites-vero-beach-downtown/",Vero Beach,Manual verification
Holiday Inn Express Vero Beach,6200 20th St, Vero Beach, FL 32966,"772-567-1700",,"https://www.ihg.com/holidayinnexpress/hotels/us/en/vero-beach/flvbv/hoteldetail",Vero Beach,Manual verification
La Quinta Inn Vero Beach,5745 20th St, Vero Beach, FL 32966,"772-569-3900",,"https://www.wyndhamhotels.com/laquinta/vero-beach-florida",Vero Beach,Manual verification
Hampton Inn & Suites Fort Pierce,2205 S US Highway 1, Fort Pierce, FL 34982,"772-468-5900",,"https://www.hilton.com/en/hotels/flfpwhh-hampton-inn-and-suites-fort-pierce/",Fort Pierce,Manual verification
Best Western Plus Fort Pierce Inn,2505 S US Highway 1, Fort Pierce, FL 34982,"772-461-7272",,"https://www.bestwestern.com/en_US/Hotel/profile/fort-pierce-florida/best-western-plus-fort-pierce-inn/hotelProfile.25322.html",Fort Pierce,Manual verification
La Quinta Inn & Suites Sebastian,9501 US Highway 1, Sebastian, FL 32958,"772-589-2700",,"https://www.wyndhamhotels.com/laquinta/sebastian-florida",Sebastian,Manual verification
