business_name,address,city,phone,email,contact_name,source
Southeastern Food Distribution,"4500 SW Commerce Pkwy, Port St. Lucie, FL 34986",Port St. Lucie,772-878-4500,info@southeasternfood.com,Distribution Manager,Industrial Park Directory
Treasure Coast Logistics,"2900 SW Innovation Way, Port St. Lucie, FL 34986",Port St. Lucie,772-345-6789,operations@tclogistics.com,Operations Manager,Commerce Park Directory
Port St. Lucie Cold Storage,"1200 SW Cameo Blvd, Port St. Lucie, FL 34986",Port St. Lucie,772-879-1234,storage@pslcold.com,Facility Manager,Industrial Directory
Ryder System - Port St. Lucie,"5750 SW Commerce Pkwy, Port St. Lucie, FL 34986",Port St. Lucie,800-797-9337,customer.service@ryder.com,Fleet Manager,Known Company
Fort Pierce Cold Storage,"2700 Industrial Ave, Fort Pierce, FL 34946",Fort Pierce,772-465-5678,sales@fpiercecold.com,Sales Director,Industrial Zone Directory
Indian River Distribution Center,"4150 S US Highway 1, Fort Pierce, FL 34982",Fort Pierce,772-468-9012,info@irdistribution.com,Warehouse Manager,Industrial Directory
Atlantic Marine Industrial,"1100 N Indian River Dr, Fort Pierce, FL 34949",Fort Pierce,772-460-3456,operations@atlanticmarine.com,Plant Manager,Marine Industrial
St. Lucie County Warehouse,"5000 S US Highway 1, Fort Pierce, FL 34982",Fort Pierce,772-462-7890,publicworks@stlucieco.gov,Public Works Director,Government Facility
Martin County Cold Storage,"3500 SE Salerno Rd, Stuart, FL 34997",Stuart,772-286-5432,storage@martincountycold.com,Facility Director,Commerce Center Directory
Stuart Distribution Center,"2800 SE Dixie Hwy, Stuart, FL 34994",Stuart,772-287-8765,logistics@stuartdist.com,Logistics Manager,Industrial Directory
Florida East Coast Distribution,"4200 SE Federal Hwy, Stuart, FL 34997",Stuart,772-288-2345,shipping@fecdist.com,Operations Manager,Transportation Hub
Stuart Industrial Supply,"1800 SE Monterey Rd, Stuart, FL 34996",Stuart,772-220-4567,sales@stuartindustrial.com,Sales Manager,Industrial Supply
Indian River Cold Storage,"4800 58th Ave, Vero Beach, FL 32966",Vero Beach,772-778-3456,info@indianrivercold.com,General Manager,Cold Storage Directory
Vero Beach Distribution,"5300 US Highway 1, Vero Beach, FL 32967",Vero Beach,772-569-6789,operations@verobeachdist.com,Distribution Manager,Industrial Directory
Palm City Logistics Center,"3100 SW Martin Downs Blvd, Palm City, FL 34990",Palm City,772-219-8901,logistics@palmcitylogistics.com,Center Manager,Logistics Directory
