Company,Owner First,Owner Last,Personal Email,Phone,LinkedIn,Background
FirstService Residential - Port St Lucie,Regional,Manager,Need Research,(772) 335-2500,Need Research,Large property management company serving Port St Lucie area
Florida Property Management Agency,Contact,Needed,Need Research,(772) 380-9011,Need Research,Local property management company serving Port St Lucie
Treasure Coast Toyota,General,Manager,Need Research,(772) 287-8200,Need Research,Auto dealership serving Stuart and Port St Lucie area
Lake Forest HOA,HOA,Board,Need Research,Need Research,Need Research,Homeowners association in St Lucie West area of Port St Lucie
Lefty's Bar & Grill,Manager,Contact,leftyswingspsl@gmail.com,(772) 337-3212,Need Research,Restaurant and bar in Port St Lucie with kitchen facilities
Zest Kitchen and Bar,Manager,Contact,zestkitchenbar@gmail.com,(772) 249-4516,Need Research,Modern American restaurant with global influences in Port St Lucie
Watson Realty Corp - Port St Lucie,Leah,Contact,leahj@watsonrealtycorp.com,(904) 899-6800,Need Research,Real estate company with property management services
St. Lucie County Chamber of Commerce,Business,Directory,Need Research,(772) 468-9152,Need Research,Local business directory with potential member contacts
The Keyes Company - Port St Lucie,Office,Manager,Need Research,(772) 343-7261,Need Research,Real estate office serving Port St Lucie area
